{
    "parameters": {
        "out_path": "/workspace/biodivinfo/Session1",
        "cpu": "4",
        "force": "False",
        "restart": "False",
        "quiet": "False",
        "download_path": "/workspace/biodivinfo/Session1/busco_downloads",
        "datasets_version": "odb10",
        "offline": "False",
        "download_base_url": "https://busco-data.ezlab.org/v5/data/",
        "auto-lineage": "False",
        "auto-lineage-prok": "False",
        "auto-lineage-euk": "False",
        "update-data": "False",
        "use_augustus": "False",
        "use_miniprot": "False",
        "batch_mode": "False",
        "tar": "False",
        "in": "/workspace/biodivinfo/Session1/ncbi_dataset/data/GCA_900290405.1/GCA_900290405.1_SacJureiUoM1_genomic.fna",
        "out": "SacJurei",
        "mode": "euk_genome_met",
        "lineage_dataset": "/workspace/biodivinfo/Session1/busco_downloads/lineages/eukaryota_odb10",
        "main_out": "/workspace/biodivinfo/Session1/SacJurei",
        "lineage_results_dir": "run_eukaryota_odb10",
        "domain": "eukaryota",
        "max_intron": "130000",
        "max_seq_len": "160000",
        "metaeuk_parameters": "",
        "metaeuk_rerun_parameters": "",
        "contig_break": "10",
        "scaffold_composition": "False",
        "gene_predictor": "metaeuk"
    },
    "lineage_dataset": {
        "name": "eukaryota_odb10",
        "creation_date": "2020-09-10",
        "number_of_buscos": "255",
        "number_of_species": "70"
    },
    "versions": {
        "hmmsearch": 3.1,
        "bbtools": "39.01",
        "metaeuk": "6.a5d39d9",
        "busco": "5.5.0"
    },
    "results": {
        "one_line_summary": "C:93.0%[S:92.2%,D:0.8%],F:1.6%,M:5.4%,n:255",
        "Complete": 93.0,
        "Single copy": 92.2,
        "Multi copy": 0.8,
        "Fragmented": 1.6,
        "Missing": 5.4,
        "n_markers": 255,
        "domain": "eukaryota",
        "Number of scaffolds": "18",
        "Number of contigs": "18",
        "Total length": "11938758",
        "Percent gaps": "0.000%",
        "Scaffold N50": "738741",
        "Contigs N50": "738741"
    }
}