{
    "parameters": {
        "out_path": "/workspace/biodivinfo/Session1",
        "cpu": "4",
        "force": "False",
        "restart": "False",
        "quiet": "False",
        "download_path": "/workspace/biodivinfo/Session1/busco_downloads",
        "datasets_version": "odb10",
        "offline": "False",
        "download_base_url": "https://busco-data.ezlab.org/v5/data/",
        "auto-lineage": "False",
        "auto-lineage-prok": "False",
        "auto-lineage-euk": "False",
        "update-data": "False",
        "use_augustus": "False",
        "use_miniprot": "False",
        "batch_mode": "False",
        "tar": "False",
        "in": "/workspace/biodivinfo/Session1/ncbi_dataset/data/GCF_000006295.1/protein.faa",
        "out": "Pediculus",
        "mode": "proteins",
        "lineage_dataset": "/workspace/biodivinfo/Session1/busco_downloads/lineages/arthropoda_odb10",
        "main_out": "/workspace/biodivinfo/Session1/Pediculus",
        "lineage_results_dir": "run_arthropoda_odb10",
        "domain": "eukaryota"
    },
    "lineage_dataset": {
        "name": "arthropoda_odb10",
        "creation_date": "2020-09-10",
        "number_of_buscos": "1013",
        "number_of_species": "90"
    },
    "versions": {
        "hmmsearch": 3.1,
        "busco": "5.5.0"
    },
    "results": {
        "one_line_summary": "C:96.7%[S:96.4%,D:0.3%],F:2.5%,M:0.8%,n:1013",
        "Complete": 96.7,
        "Single copy": 96.4,
        "Multi copy": 0.3,
        "Fragmented": 2.5,
        "Missing": 0.8,
        "n_markers": 1013,
        "domain": "eukaryota"
    }
}